{
  "token_acc": 0.999603615,
  "token_p": 0.9991808044,
  "token_r": 0.9990356034,
  "token_f": 0.9991081986,
  "tag_acc": 0.9781087492,
  "pos_acc": 0.9829388521,
  "morph_acc": 0.9150510777,
  "morph_micro_p": 0.9568785637,
  "morph_micro_r": 0.9560783539,
  "morph_micro_f": 0.9564782914,
  "morph_per_feat": {
    "Case": {
      "p": 0.9174336617,
      "r": 0.9198348668,
      "f": 0.9186326951
    },
    "Definite": {
      "p": 0.9963545227,
      "r": 0.9974908759,
      "f": 0.9969223755
    },
    "Gender": {
      "p": 0.9379608085,
      "r": 0.9442876496,
      "f": 0.9411135958
    },
    "Number": {
      "p": 0.9745252432,
      "r": 0.9747509845,
      "f": 0.9746381008
    },
    "PronType": {
      "p": 0.9932547745,
      "r": 0.9909997568,
      "f": 0.9921259843
    },
    "Degree": {
      "p": 0.9813511612,
      "r": 0.9736428696,
      "f": 0.977481819
    },
    "VerbForm": {
      "p": 0.9609567736,
      "r": 0.9619886181,
      "f": 0.961472419
    },
    "Mood": {
      "p": 0.9717076457,
      "r": 0.9567235948,
      "f": 0.9641574066
    },
    "Person": {
      "p": 0.982650063,
      "r": 0.9700276243,
      "f": 0.9762980468
    },
    "Tense": {
      "p": 0.9751647238,
      "r": 0.9602395608,
      "f": 0.9676445935
    },
    "Reflex": {
      "p": 1.0,
      "r": 0.9952606635,
      "f": 0.9976247031
    },
    "Poss": {
      "p": 0.9979381443,
      "r": 1.0,
      "f": 0.9989680083
    },
    "Foreign": {
      "p": 0.6829268293,
      "r": 0.1407035176,
      "f": 0.2333333333
    }
  },
  "sents_p": 0.9540805677,
  "sents_r": 0.9622069778,
  "sents_f": 0.9507828582,
  "dep_uas": 0.9254139496,
  "dep_las": 0.9056705833,
  "dep_las_per_type": {
    "cp": {
      "p": 0.9477477477,
      "r": 0.9616087751,
      "f": 0.9546279492
    },
    "nk": {
      "p": 0.9777318082,
      "r": 0.9816338166,
      "f": 0.979678927
    },
    "sb": {
      "p": 0.9170282937,
      "r": 0.9266795299,
      "f": 0.9218286512
    },
    "ag": {
      "p": 0.9510337323,
      "r": 0.9662797125,
      "f": 0.9585961064
    },
    "mnr": {
      "p": 0.7562210038,
      "r": 0.753678016,
      "f": 0.7549473684
    },
    "mo": {
      "p": 0.7899733017,
      "r": 0.8081124823,
      "f": 0.798939947
    },
    "oc": {
      "p": 0.9169385939,
      "r": 0.9304635762,
      "f": 0.9236515763
    },
    "root": {
      "p": 0.9722511997,
      "r": 0.9630088861,
      "f": 0.9676079734
    },
    "rc": {
      "p": 0.6984126984,
      "r": 0.6905829596,
      "f": 0.694475761
    },
    "op": {
      "p": 0.7523277467,
      "r": 0.6020864382,
      "f": 0.6688741722
    },
    "pm": {
      "p": 0.9971181556,
      "r": 0.9942528736,
      "f": 0.9956834532
    },
    "nmc": {
      "p": 0.9840764331,
      "r": 0.9763033175,
      "f": 0.9801744647
    },
    "oa": {
      "p": 0.8607431341,
      "r": 0.8786279683,
      "f": 0.8695936021
    },
    "pd": {
      "p": 0.8283464567,
      "r": 0.7735294118,
      "f": 0.8
    },
    "ep": {
      "p": 0.8507462687,
      "r": 0.8571428571,
      "f": 0.8539325843
    },
    "cd": {
      "p": 0.8771021992,
      "r": 0.8759689922,
      "f": 0.8765352295
    },
    "cj": {
      "p": 0.855308642,
      "r": 0.8540433925,
      "f": 0.854675549
    },
    "par": {
      "p": 0.4913793103,
      "r": 0.2794117647,
      "f": 0.35625
    },
    "svp": {
      "p": 0.937007874,
      "r": 0.9153846154,
      "f": 0.9260700389
    },
    "pg": {
      "p": 0.8698412698,
      "r": 0.872611465,
      "f": 0.8712241653
    },
    "da": {
      "p": 0.7986348123,
      "r": 0.5954198473,
      "f": 0.6822157434
    },
    "app": {
      "p": 0.6548387097,
      "r": 0.6835016835,
      "f": 0.6688632619
    },
    "sbp": {
      "p": 0.8512396694,
      "r": 0.8879310345,
      "f": 0.8691983122
    },
    "ac": {
      "p": 0.9504950495,
      "r": 0.8205128205,
      "f": 0.880733945
    },
    "pnc": {
      "p": 0.8585164835,
      "r": 0.8116883117,
      "f": 0.8344459279
    },
    "ju": {
      "p": 0.9494949495,
      "r": 0.9494949495,
      "f": 0.9494949495
    },
    "ng": {
      "p": 0.7979002625,
      "r": 0.8085106383,
      "f": 0.8031704095
    },
    "re": {
      "p": 0.6849315068,
      "r": 0.5952380952,
      "f": 0.6369426752
    },
    "cm": {
      "p": 0.8857142857,
      "r": 0.8942307692,
      "f": 0.8899521531
    },
    "cc": {
      "p": 0.7823529412,
      "r": 0.6683417085,
      "f": 0.7208672087
    },
    "uc": {
      "p": 0.6428571429,
      "r": 0.3,
      "f": 0.4090909091
    },
    "ams": {
      "p": 0.8142857143,
      "r": 0.8382352941,
      "f": 0.8260869565
    },
    "rs": {
      "p": 0.8461538462,
      "r": 0.3548387097,
      "f": 0.5
    },
    "cvc": {
      "p": 0.8653846154,
      "r": 0.5696202532,
      "f": 0.6870229008
    },
    "ph": {
      "p": 1.0,
      "r": 0.2857142857,
      "f": 0.4444444444
    },
    "dep": {
      "p": 0.0,
      "r": 0.0,
      "f": 0.0
    },
    "dm": {
      "p": 0.0,
      "r": 0.0,
      "f": 0.0
    },
    "oa2": {
      "p": 0.0,
      "r": 0.0,
      "f": 0.0
    },
    "vo": {
      "p": 0.0,
      "r": 0.0,
      "f": 0.0
    },
    "og": {
      "p": 0.3333333333,
      "r": 0.1428571429,
      "f": 0.2
    },
    "adc": {
      "p": 1.0,
      "r": 1.0,
      "f": 1.0
    }
  },
  "lemma_acc": 0.9769605349,
  "speed": 9526.4644603035,
  "ents_p": 0.8439391945,
  "ents_r": 0.8342856523,
  "ents_f": 0.8390846587,
  "ents_per_type": {
    "LOC": {
      "p": 0.861533722,
      "r": 0.8706741708,
      "f": 0.8660798304
    },
    "PER": {
      "p": 0.8840446124,
      "r": 0.9068217274,
      "f": 0.8952883247
    },
    "ORG": {
      "p": 0.7774471417,
      "r": 0.7462417318,
      "f": 0.7615248907
    },
    "MISC": {
      "p": 0.7913163336,
      "r": 0.7167738311,
      "f": 0.7522028235
    }
  }
}